"cron_schedule","cron_schedule_described"
"* * * * *","Every minute"
"* * * * * *","Every second"
"* */1 * * *","Every minute"
"* */2 * * *","Every minute, every 2 hours"
"* 0-5 * * *","Every minute, between 12:00 AM and 05:59 AM"
"* 0-7,13-23 * * 0,6","Every minute, at 12:00 AM through 07:59 AM and 01:00 PM through 11:59 PM,  only on Sunday and Saturday"
"* 0-7,20-23 * * 1-5","Every minute, at 12:00 AM through 07:59 AM and 08:00 PM through 11:59 PM,  Monday through Friday"
"* 1-5 * * *","Every minute, between 01:00 AM and 05:59 AM"
"* 1-6 * * *","Every minute, between 01:00 AM and 06:59 AM"
"* 14 * *  *","Every minute, between 02:00 PM and  02:59 PM"
"* 14 * * *","Every minute, between 02:00 PM and 02:59 PM"
"* 15 * * *","Every minute, between 03:00 PM and 03:59 PM"
"* 2 * * * *","Every second, at 2 minutes past the hour"
"* 3-8 * * *","Every minute, between 03:00 AM and 08:59 AM"
"*/02 * * * *","Every 02 minutes"
"*/05 * * * *","Every 05 minutes"
"*/1 * * * *","Every minute"
"*/10 * * * *","Every 10 minutes"
"*/11 * * * *","Every 11 minutes"
"*/12 * 04-06 * *","Every 12 minutes, between day 04 and 06 of the month"
"*/15  0,1,2,3,4,5,6,7,10,11,12,13,14,15,16,17,18,19,20 * * 1-5","Every 15 minutes, at 12:00 AM, 01:00 AM, 02:00 AM, 03:00 AM, 04:00 AM,  05:00 AM, 06:00 AM, 07:00 AM, 10:00 AM, 11:00 AM, 12:00 PM, 01:00 PM, 02:00  PM, 03:00 PM, 04:00 PM, 05:00 PM, 06:00 PM, 07:00 PM, and 08:00 PM, Monday  through Friday"
"*/15  0,1,2,3,4,5,6,7,9,10,11,12,13,14,15,16,17,18,19,20 * * 1-5","Every 15 minutes, at 12:00 AM, 01:00 AM, 02:00 AM, 03:00 AM, 04:00 AM,  05:00 AM, 06:00 AM, 07:00 AM, 09:00 AM, 10:00 AM, 11:00 AM, 12:00 PM, 01:00  PM, 02:00 PM, 03:00 PM, 04:00 PM, 05:00 PM, 06:00 PM, 07:00 PM, and 08:00 PM,  Monday through Friday"
"*/15 * * * *","Every 15 minutes"
"*/15 * * * 0-6","Every 15 minutes, Sunday through Saturday"
"*/15 * * * 1","Every 15 minutes, only on Monday"
"*/15 0-16 * * *","Every 15 minutes, between 12:00 AM and 04:59 PM"
"*/15 09-18 * * *","Every 15 minutes, between 09:00 AM and 06:59 PM"
"*/15 12-20 * * *","Every 15 minutes, between 12:00 PM and 08:59 PM"
"*/15 4-14 * * 1-5","Every 15 minutes, between 04:00 AM and 02:59 PM, Monday through Friday"
"*/15 9-18 * * *","Every 15 minutes, between 09:00 AM and 06:59 PM"
"*/16 * * * *","Every 16 minutes"
"*/2 * * * *","Every 2 minutes"
"*/20 * * * *","Every 20 minutes"
"*/20 4-19 * * *","Every 20 minutes, between 04:00 AM and 07:59 PM"
"*/20 7-21 * * 1-5","Every 20 minutes, between 07:00 AM and 09:59 PM, Monday through Friday"
"*/20 9-21 * * 1-5","Every 20 minutes, between 09:00 AM and 09:59 PM, Monday through Friday"
"*/3 * * * *","Every 3 minutes"
"*/3 2 * * *","Every 3 minutes, between 02:00 AM and 02:59 AM"
"*/30 * * * *","Every 30 minutes"
"*/30 * * * 1-5","Every 30 minutes, Monday through Friday"
"*/30 08-22 01-09 * *","Every 30 minutes, between 08:00 AM and 10:59 PM, between day 01 and 09 of  the month"
"*/30 21-23 * * 1-5","Every 30 minutes, between 09:00 PM and 11:59 PM, Monday through Friday"
"*/30 5-10 * * *","Every 30 minutes, between 05:00 AM and 10:59 AM"
"*/30 6-23,0 * * 1-5","Every 30 minutes, at 06:00 AM through 11:59 PM and 12:00 AM, Monday  through Friday"
"*/30 8-10 * * 1-6","Every 30 minutes, between 08:00 AM and 10:59 AM, Monday through Saturday"
"*/30 9-16 * * 1-5","Every 30 minutes, between 09:00 AM and 04:59 PM, Monday through Friday"
"*/30 9-22 * * 1-5","Every 30 minutes, between 09:00 AM and 10:59 PM, Monday through Friday"
"*/30 9-23,0-4 * * 4","Every 30 minutes, at 09:00 AM through 11:59 PM and 12:00 AM through 04:59  AM, only on Thursday"
"*/35 * * * *","Every 35 minutes"
"*/38 * * * *","Every 38 minutes"
"*/4 * * * *","Every 4 minutes"
"*/4,19,34,49 * * * *","Every 4,19,34,49 minutes"
"*/45 * * * *","Every 45 minutes"
"*/5 * * * *","Every 5 minutes"
"*/5 0,1,2,3,4,5,6,7,8 * * *","Every 5 minutes, at 12:00 AM, 01:00 AM, 02:00 AM, 03:00 AM, 04:00 AM,  05:00 AM, 06:00 AM, 07:00 AM, and 08:00 AM"
"*/5 0-2 * * *","Every 5 minutes, between 12:00 AM and 02:59 AM"
"*/5 6-17 * * *","Every 5 minutes, between 06:00 AM and 05:59 PM"
"*/5 6-22 * * *","Every 5 minutes, between 06:00 AM and 10:59 PM"
"*/5 7-20 * * *","Every 5 minutes, between 07:00 AM and 08:59 PM"
"*/5 7-21 * * *","Every 5 minutes, between 07:00 AM and 09:59 PM"
"*/5 8-20 * * *","Every 5 minutes, between 08:00 AM and 08:59 PM"
"*/5 9-21 * * 1-5","Every 5 minutes, between 09:00 AM and 09:59 PM, Monday through Friday"
"*/5 9-22 * * *","Every 5 minutes, between 09:00 AM and 10:59 PM"
"*/50 * * * *","Every 50 minutes"
"*/55 * * * *","Every 55 minutes"
"*/56 * * * *","Every 56 minutes"
"*/59 * * * *","Every 59 minutes"
"*/59 10-21 * * *","Every 59 minutes, between 10:00 AM and 09:59 PM"
"*/59 8-22 * * *","Every 59 minutes, between 08:00 AM and 10:59 PM"
"*/6 * * * *","Every 6 minutes"
"*/60 * * * *","Every 60 minutes"
"*/60 * * * sat,sun","Every 60 minutes, only on Saturday and Sunday"
"*/60 10-22 * * *","Every 60 minutes, between 10:00 AM and 10:59 PM"
"*/60 9-18 * * *","Every 60 minutes, between 09:00 AM and 06:59 PM"
"*/8 * * * *","Every 8 minutes"
"0 * * * *","Every hour"
"0 * * * * *","Every minute"
"0 * * * 6,0","Every hour, only on Saturday and Sunday"
"0 */04 * * *","Every 04 hours"
"0 */1 * * *","Every hour"
"0 */10 * * *","Every 10 hours"
"0 */12 * * *","Every 12 hours"
"0 */15 * * * *","Every 15 minutes"
"0 */2 * * *","Every 2 hours"
"0 */2 * * * *","Every 2 minutes"
"0 */2 * * 6,0","Every 2 hours, only on Saturday and Sunday"
"0 */2 * * 6-7","Every 2 hours, Saturday through Sunday"
"0 */3 * * *","Every 3 hours"
"0 */3 * * * *","Every 3 minutes"
"0 */30 * * * *","Every 30 minutes"
"0 */4 * * *","Every 4 hours"
"0 */4 * * * *","Every 4 minutes"
"0 */5 * * * *","Every 5 minutes"
"0 */6 * * *","Every 6 hours"
"0 */8 * * *","Every 8 hours"
"0 0 * * *","At 12:00 AM"
"0 0 * * * *","Every hour"
"0 0 * * 0","At 12:00 AM, only on Sunday"
"0 0 * * 1","At 12:00 AM, only on Monday"
"0 0 * * 2","At 12:00 AM, only on Tuesday"
"0 0 * * 3","At 12:00 AM, only on Wednesday"
"0 0 * * 6","At 12:00 AM, only on Saturday"
"0 0 */12 * * *","Every 12 hours"
"0 0 */2 * * *","Every 2 hours"
"0 0 */3 * * *","Every 3 hours"
"0 0 */4 * * *","Every 4 hours"
"0 0 */6 * * *","Every 6 hours"
"0 0 */8 * * *","Every 8 hours"
"0 0 0 * * *","At 12:00 AM"
"0 0 0/2 * * *","Every even hour"
"0 0 1 * *","At 12:00 AM, on day 1 of the month"
"0 0 1 * * *","Every day at 1am"
"0 0 1 1 *","At 12:00 AM, on day 1 of the month, only in January"
"0 0 1 1 1","At 12:00 AM, on day 1 of the month, only on Monday, only in January"
"0 0 1/2 * * *","Every uneven hour"
"0 0 12 * * *","Every day at noon - 12pm"
"0 0 12 * * 2#1","At 12:00 PM, on the first Tuesday of the month"
"0 0 12 * * 2#2","At 12:00 PM, on the second Tuesday of the month"
"0 0 12 * * 5#3","At 12:00 PM, on the third Friday of the month"
"0 0 12 * * 6#1","At 12:00 PM, on the first Saturday of the month"
"0 0 12 * * FRI","At 12:00 PM, only on Friday"
"0 0 12 * * MON","At 12:00 PM, only on Monday"
"0 0 12 * * MON-FRI","Every Weekday at noon"
"0 0 12 * * SAT","Every Saturday at noon"
"0 0 12 * * SUN","Every Sunday at noon"
"0 0 12 * * SUN,SAT","Every Saturday and Sunday at noon"
"0 0 12 * * THU","Every Thursday at noon"
"0 0 12 * * TUE","Every Tuesday at noon"
"0 0 12 * * WED","Every Wednesday at noon"
"0 0 12 * 9-12 *","At 12:00 PM, September through December"
"0 0 12 * DEC *","Every day at noon in December only"
"0 0 12 * JAN *","Every day at noon in January only"
"0 0 12 * JAN,FEB,MAR,APR *","Every day at noon in January, February, March and April"
"0 0 12 * JAN,JUN *","Every day at noon in January and June"
"0 0 12 * JUN *","Every day at noon in June only"
"0 0 12 */7 * *","Every 7 days at noon"
"0 0 12 1 * *","Every month on the 1st, at noon"
"0 0 12 1/2 * *","At 12:00 PM, every 2 days"
"0 0 12 1/4 * *","At 12:00 PM, every 4 days"
"0 0 12 15 * *","Every month on the 15th, at noon"
"0 0 12 15W * *","Every month on the nearest Weekday to the 15th of the month, at noon"
"0 0 12 1L * *","Every month on the last Sunday, at noon"
"0 0 12 1W * *","Every month on the nearest Weekday to the 1st of the month, at noon"
"0 0 12 2 * *","Every month on the 2nd, at noon"
"0 0 12 2L * *","Every month on the last Monday, at noon"
"0 0 12 6L * *","Every month on the last Friday, at noon"
"0 0 12 L * *","Every month on the last day of the month, at noon"
"0 0 12 L-2 * *","Every month on the second to last day of the month, at noon"
"0 0 12 LW * *","Every month on the last weekday, at noon"
"0 0 2 * *","At 12:00 AM, on day 2 of the month"
"0 0 29 2 1","At 12:00 AM, on day 29 of the month, only on Monday, only in February"
"0 0 3 * *","At 12:00 AM, on day 3 of the month"
"0 0 31 * *","At 12:00 AM, on day 31 of the month"
"0 0 31 02 0","At 12:00 AM, on day 31 of the month, only on Sunday, only in February"
"0 0 4 * *","At 12:00 AM, on day 4 of the month"
"0 0 5 * *","At 12:00 AM, on day 5 of the month"
"0 0 6 * * *","Every day at 6am"
"0 0 7 * *","At 12:00 AM, on day 7 of the month"
"0 0,12 * * *","At 12:00 AM and 12:00 PM"
"0 0,2,4,6,8 * * 1-5","At 12:00 AM, 02:00 AM, 04:00 AM, 06:00 AM and 08:00 AM, Monday through  Friday"
"0 0,4,8,12,16,20 * * *","At 12:00 AM, 04:00 AM, 08:00 AM, 12:00 PM, 04:00 PM and 08:00  PM"
"0 0,6,12,18 * * *","At 12:00 AM, 06:00 AM, 12:00 PM and 06:00 PM"
"0 09-18 * * *","Between 09:00 AM and 06:59 PM"
"0 1 * * *","At 01:00 AM"
"0 1 * * 0","At 01:00 AM, only on Sunday"
"0 1 * * 1","At 01:00 AM, only on Monday"
"0 1 * * 1-5","At 01:00 AM, Monday through Friday"
"0 1 10 * *","At 01:00 AM, on day 10 of the month"
"0 1 29 2 2","At 01:00 AM, on day 29 of the month, only on Tuesday, only in February"
"0 1 3 * *","At 01:00 AM, on day 3 of the month"
"0 1,13 *  * *","At 01:00 AM and 01:00 PM"
"0 1/2 * * * *","Every uneven minute"
"0 10 * * *","At 10:00 AM"
"0 10 * * 1","At 10:00 AM, only on Monday"
"0 10 * * 2-6","At 10:00 AM, Tuesday through Saturday"
"0 10 * * 5","At 10:00 AM, only on Friday"
"0 10,22 * * *","At 10:00 AM and 10:00 PM"
"0 11 * * *","At 11:00 AM"
"0 11 * * 1","At 11:00 AM, only on Monday"
"0 11 * * 5","At 11:00 AM, only on Friday"
"0 11 10 5 *","At 11:00 AM, on day 10 of the month, only in May"
"0 11,13,18 * * 1-5","At 11:00 AM, 01:00 PM and 06:00 PM, Monday through Friday"
"0 12 * * *","At 12:00 PM"
"0 12 * * 2","At 12:00 PM, only on Tuesday"
"0 12 * * 2-6","At 12:00 PM, Tuesday through Saturday"
"0 12 17 * *","At 12:00 PM, on day 17 of the month"
"0 13 * * *","At 01:00 PM"
"0 13 * * 2","At 01:00 PM, only on Tuesday"
"0 13 * * 4","At 01:00 PM, only on Thursday"
"0 13,17 * * *","At 01:00 PM and 05:00 PM"
"0 14 * * *","At 02:00 PM"
"0 14 * * 1","At 02:00 PM, only on Monday"
"0 15 * * *","At 03:00 PM"
"0 15,30,45 * * * *","Every hour at minutes 15, 30 and 45"
"0 16 * * *","At 04:00 PM"
"0 16 * * 1","At 04:00 PM, only on Monday"
"0 16 * * 2-6","At 04:00 PM, Tuesday through Saturday"
"0 17 * * *","At 05:00 PM"
"0 18 * * *","At 06:00 PM"
"0 18 * * 2-6","At 06:00 PM, Tuesday through Saturday"
"0 19 * * *","At 07:00 PM"
"0 19 * * 1","At 07:00 PM, only on Monday"
"0 2 * * *","At 02:00 AM"
"0 2 * * 0","At 02:00 AM, only on Sunday"
"0 2 * * 1","At 02:00 AM, only on Monday"
"0 2 * * 2","At 02:00 AM, only on Tuesday"
"0 2 * * 3","At 02:00 AM, only on Wednesday"
"0 2 * * 6","At 02:00 AM, only on Saturday"
"0 2 */10 * *","At 02:00 AM, every 10 days"
"0 2 10 * *","At 02:00 AM, on day 10 of the month"
"0 2-22/4 * * *","Every 4 hours, between 02:00 AM and 10:59 PM"
"0 20 * * *","At 08:00 PM"
"0 20 * * 1-5","At 08:00 PM, Monday through Friday"
"0 20 * * 3","At 08:00 PM, only on Wednesday"
"0 21 * * *","At 09:00 PM"
"0 21 * * 1","At 09:00 PM, only on Monday"
"0 22 * * *","At 10:00 PM"
"0 23 * * *","At 11:00 PM"
"0 23 * * 1","At 11:00 PM, only on Monday"
"0 3 * * *","At 03:00 AM"
"0 3 * * 0","At 03:00 AM, only on Sunday"
"0 3 * * 1","At 03:00 AM, only on Monday"
"0 3 * * 2","At 03:00 AM, only on Tuesday"
"0 3 * * 3","At 03:00 AM, only on Wednesday"
"0 3 * * 4","At 03:00 AM, only on Thursday"
"0 3 * * 5","At 03:00 AM, only on Friday"
"0 3 12 * *","At 03:00 AM, on day 12 of the month"
"0 4 * * *","At 04:00 AM"
"0 4 * * 0","At 04:00 AM, only on Sunday"
"0 4 * * 1","At 04:00 AM, only on Monday"
"0 4 12 * *","At 04:00 AM, on day 12 of the month"
"0 5 * * *","At 05:00 AM"
"0 5 * * 1","At 05:00 AM, only on Monday"
"0 5 * * 2","At 05:00 AM, only on Tuesday"
"0 5 * * 4","At 05:00 AM, only on Thursday"
"0 6 * * *","At 06:00 AM"
"0 6 * * 0","At 06:00 AM, only on Sunday"
"0 6 * * 1","At 06:00 AM, only on Monday"
"0 6 * * 2","At 06:00 AM, only on Tuesday"
"0 6 * * 2-6","At 06:00 AM, Tuesday through Saturday"
"0 6 * * 3","At 06:00 AM, only on Wednesday"
"0 6 * * 4","At 06:00 AM, only on Thursday"
"0 6 * * 5","At 06:00 AM, only on Friday"
"0 6 * * 6","At 06:00 AM, only on Saturday"
"0 6-18 * * 1-5","Between 06:00 AM and 06:59 PM, Monday through Friday"
"0 7 * * *","At 07:00 AM"
"0 7 * * 1","At 07:00 AM, only on Monday"
"0 7 * * 1-5","At 07:00 AM, Monday through Friday"
"0 7 * * 3","At 07:00 AM, only on Wednesday"
"0 7 2-31 * *","At 07:00 AM, between day 2 and 31 of the month"
"0 7-23,0 * * *","At 07:00 AM through 11:59 PM and 12:00 AM"
"0 8 * * *","At 08:00 AM"
"0 8 * * 1","At 08:00 AM, only on Monday"
"0 8 * * 2-5","At 08:00 AM, Tuesday through Friday"
"0 8 * * 2-6","At 08:00 AM, Tuesday through Saturday"
"0 8 * * 3-7","At 08:00 AM, Wednesday through Sunday"
"0 8 1 * *","At 08:00 AM, on day 1 of the month"
"0 8 1,16 * *","At 08:00 AM, on day 1 and 16 of the month"
"0 8,16 * * *","At 08:00 AM and 04:00 PM"
"0 9 * * *","At 09:00 AM"
"0 9 * * 0","At 09:00 AM, only on Sunday"
"0 9,10,11,12,13,14,15,16,17,18 * * 1-5","At 09:00 AM, 10:00 AM, 11:00 AM, 12:00 PM, 01:00 PM, 02:00 PM, 03:00 PM,  04:00 PM, 05:00 PM and 06:00 PM, Monday through Friday"
"0 9,12 * * *","At 09:00 AM and 12:00 PM"
"0 9,12,18 * * 1-5","At 09:00 AM, 12:00 PM and 06:00 PM, Monday through Friday"
"0 9,13,18 * * 1-5","At 09:00 AM, 01:00 PM and 06:00 PM, Monday through Friday"
"0 9,14,18 * * 1-5","At 09:00 AM, 02:00 PM and 06:00 PM, Monday through Friday"
"0,10,20,30,40,50 * * * *","At 0, 10, 20, 30, 40, and 50 minutes past the hour"
"0,10,20,30,40,50 7-23 * * *","At 0, 10, 20, 30, 40, and 50 minutes past the hour, between 07:00 AM and  11:59 PM"
"0,15,30,45 * * * *","At 0, 15, 30, and 45 minutes past the hour"
"0,20,40 * * * *","At 0, 20, and 40 minutes past the hour"
"0,3 * * * *","At 0 and 3 minutes past the hour"
"0,30 * * * *","At 0 and 30 minutes past the hour"
"0-55/15 * * * *","Every 15 minutes, minutes 0 through 55 past the hour"
"0-55/5 * * * *","Every 5 minutes, minutes 0 through 55 past the hour"
"0-55/5 0-8,18-23 * * *","Every 5 minutes, minutes 0 through 55 past the hour, at 12:00 AM through  08:59 AM and 06:00 PM through 11:59 PM"
"0-59/1 * * * *","Every 1 minutes, minutes 0 through 59 past the hour"
"0-59/10 * * * *","Every 10 minutes, minutes 0 through 59 past the hour"
"0-59/30 * * * *","Every 30 minutes, minutes 0 through 59 past the hour"
"0-59/60 8-20 * * *","Every 60 minutes, minutes 0 through 59 past the hour, between 08:00 AM  and 08:59 PM"
"0/5 * * * *","Every 5 minutes"
"00 */3 * * *","At 00 minutes past the hour, every 3 hours"
"00 00 * * *","At 12:00 AM"
"00 02 * * *","At 02:00 AM"
"00 08 * * *","At 08:00 AM"
"00 09 * * *","At 09:00 AM"
"00 12 * * *","At 12:00 PM"
"00 6 * * *","At 06:00 AM"
"00 7 * * *","At 07:00 AM"
"00 8 * * *","At 08:00 AM"
"00 8,18 * * *","At 08:00 AM and 06:00 PM"
"00 9,21 * * *","At 09:00 AM and 09:00 PM"
"01 * * * *","At 01 minutes past the hour"
"01 00 * * *","At 12:01 AM"
"01 8-16 * * *","At 01 minutes past the hour, between 08:00 AM and 04:59 PM"
"01-46/15 * * * *","Every 15 minutes, minutes 01 through 46 past the hour"
"01-56/5 * * * *","Every 5 minutes, minutes 01 through 56 past the hour"
"01-59/60 * * * *","Every 60 minutes, minutes 01 through 59 past the hour"
"1 * * * *","At 1 minutes past the hour"
"1 * 8 * *","At 1 minutes past the hour, on day 8 of the month"
"1 */2 * * *","At 1 minutes past the hour, every 2 hours"
"1 */2 * * 1-5","At 1 minutes past the hour, every 2 hours, Monday through Friday"
"1 */2 28-30 * *","At 1 minutes past the hour, every 2 hours, between day 28 and 30 of the  month"
"1 */2 6-10 * *","At 1 minutes past the hour, every 2 hours, between day 6 and 10 of the  month"
"1 */3 * * 0,6","At 1 minutes past the hour, every 3 hours, only on Sunday and Saturday"
"1 */4 * * *","At 1 minutes past the hour, every 4 hours"
"1 */8 * * *","At 1 minutes past the hour, every 8 hours"
"1 0 * * *","At 12:01 AM"
"1 0,12,16 * * *","At 12:01 AM, 12:01 PM and 04:01 PM"
"1 0,3,6,9,12,15,18,21 9-11 12 *","At 12:01 AM, 03:01 AM, 06:01 AM, 09:01 AM, 12:01 PM, 03:01 PM, 06:01 PM  and 09:01 PM, between day 9 and 11 of the month, only in December"
"1 0-20/4 * * *","At 1 minutes past the hour, every 4 hours, between 12:00 AM and 08:59 PM"
"1 0-23 * * *","At 1 minutes past the hour, between 12:00 AM and 11:59 PM"
"1 0-23/2 20-22 1 *","At 1 minutes past the hour, every 2 hours, between 12:00 AM and 11:59 PM,  between day 20 and 22 of the month, only in January"
"1 0-23/8 * * *","At 1 minutes past the hour, every 8 hours, between 12:00 AM and 11:59 PM"
"1 03-22 * * *","At 1 minutes past the hour, between 03:00 AM and 10:59 PM"
"1 03-22/2 * * *","At 1 minutes past the hour, every 2 hours, between 03:00 AM and 10:59 PM"
"1 04 * * *","At 04:01 AM"
"1 05 * * *","At 05:01 AM"
"1 1-23/2 6 * *","At 1 minutes past the hour, every 2 hours, between 01:00 AM and 11:59 PM,  on day 6 of the month"
"1 11 * * *","At 11:01 AM"
"1 15 * * *","At 03:01 PM"
"1 20 * * *","At 08:01 PM"
"1 23 * * *","At 11:01 PM"
"1 3 * * *","At 03:01 AM"
"1 5 * * *","At 05:01 AM"
"1 6-12/4 * * 1-5","At 1 minutes past the hour, every 4 hours, between 06:00 AM and 12:59 PM,  Monday through Friday"
"1 6-23/3 * * 0,6","At 1 minutes past the hour, every 3 hours, between 06:00 AM and 11:59 PM,  only on Sunday and Saturday"
"1 8 * * *","At 08:01 AM"
"1,11,21,31,41,51 * * * *","At 1, 11, 21, 31, 41, and 51 minutes past the hour"
"1,11,21,31,41,51/10 0-11 * * *","Every 10 minutes, between 12:00 AM and 11:59 AM"
"1,16,31,46 * * * *","At 1, 16, 31, and 46 minutes past the hour"
"1,21,41 * * * *","At 1, 21, and 41 minutes past the hour"
"1,31 * * * *","At 1 and 31 minutes past the hour"
"1,31 7-21 * * *","At 1 and 31 minutes past the hour, between 07:00 AM and 09:59 PM"
"1,6,11,16,21,26,31,36,41,46,51,56 * * *  1-6","At 1, 6, 11, 16, 21, 26, 31, 36, 41, 46, 51, and 56 minutes past the  hour, Monday through Saturday"
"1,6,11,16,21,26,31,36,41,46,51,56 * * * *","At 1, 6, 11, 16, 21, 26, 31, 36, 41, 46, 51, and 56 minutes past the hour"
"1,8,16,24,32,40,48,56 * * * *","At 1, 8, 16, 24, 32, 40, 48, and 56 minutes past the hour"
"1-31/30 * * * *","Every 30 minutes, minutes 1 through 31 past the hour"
"1-45/15 * * * *","Every 15 minutes, minutes 1 through 45 past the hour"
"1-46/15 * * * *","Every 15 minutes, minutes 1 through 46 past the hour"
"1-46/30 * * * *","Every 30 minutes, minutes 1 through 46 past the hour"
"1-51/10 * * * *","Every 10 minutes, minutes 1 through 51 past the hour"
"1-55/10 * * * *","Every 10 minutes, minutes 1 through 55 past the hour"
"1-56/11 * * * *","Every 11 minutes, minutes 1 through 56 past the hour"
"1-56/15 * * * *","Every 15 minutes, minutes 1 through 56 past the hour"
"1-56/5 * * * *","Every 5 minutes, minutes 1 through 56 past the hour"
"1-56/5 6-20 * * *","Every 5 minutes, minutes 1 through 56 past the hour, between 06:00 AM and  08:59 PM"
"1-57/15 * * * *","Every 15 minutes, minutes 1 through 57 past the hour"
"1-57/5 * * * *","Every 5 minutes, minutes 1 through 57 past the hour"
"1-58/15 * * * *","Every 15 minutes, minutes 1 through 58 past the hour"
"1-58/5 * * * *","Every 5 minutes, minutes 1 through 58 past the hour"
"1-59/1 * * * *","Every 1 minutes, minutes 1 through 59 past the hour"
"1-59/10 * * * *","Every 10 minutes, minutes 1 through 59 past the hour"
"1-59/10 0-19,21-23 * * *","Every 10 minutes, minutes 1 through 59 past the hour, at 12:00 AM through  07:59 PM and 09:00 PM through 11:59 PM"
"1-59/10 4-6 * * *","Every 10 minutes, minutes 1 through 59 past the hour, between 04:00 AM  and 06:59 AM"
"1-59/10 5-7 * * 1-5","Every 10 minutes, minutes 1 through 59 past the hour, between 05:00 AM  and 07:59 AM, Monday through Friday"
"1-59/10 6-20 * * *","Every 10 minutes, minutes 1 through 59 past the hour, between 06:00 AM  and 08:59 PM"
"1-59/15 * * * *","Every 15 minutes, minutes 1 through 59 past the hour"
"1-59/15 * * * 1","Every 15 minutes, minutes 1 through 59 past the hour, only on Monday"
"1-59/15 7-22 * * *","Every 15 minutes, minutes 1 through 59 past the hour, between 07:00 AM  and 10:59 PM"
"1-59/2 * * * *","Every 2 minutes, minutes 1 through 59 past the hour"
"1-59/20 * * * *","Every 20 minutes, minutes 1 through 59 past the hour"
"1-59/3 * * * *","Every 3 minutes, minutes 1 through 59 past the hour"
"1-59/30 * * * *","Every 30 minutes, minutes 1 through 59 past the hour"
"1-59/30 * * * 0-1","Every 30 minutes, minutes 1 through 59 past the hour, Sunday through  Monday"
"1-59/30 03-22 * * *","Every 30 minutes, minutes 1 through 59 past the hour, between 03:00 AM  and 10:59 PM"
"1-59/30 5-7 * * *","Every 30 minutes, minutes 1 through 59 past the hour, between 05:00 AM  and 07:59 AM"
"1-59/45 * * * *","Every 45 minutes, minutes 1 through 59 past the hour"
"1-59/45 * * * 1-5","Every 45 minutes, minutes 1 through 59 past the hour, Monday through  Friday"
"1-59/5 * * * *","Every 5 minutes, minutes 1 through 59 past the hour"
"1-59/60 * * * *","Every 60 minutes, minutes 1 through 59 past the hour"
"02 00 * * *","At 12:02 AM"
"02-47/15 * * * *","Every 15 minutes, minutes 02 through 47 past the hour"
"02-57/15 * * * *","Every 15 minutes, minutes 02 through 57 past the hour"
"02-57/5 * * * *","Every 5 minutes, minutes 02 through 57 past the hour"
"2 * * * *","At 2 minutes past the hour"
"2 * * * 0,6","At 2 minutes past the hour, only on Sunday and Saturday"
"2 * * * 1-5","At 2 minutes past the hour, Monday through Friday"
"2 */1 * * *","At 2 minutes past the hour"
"2 */12 * * *","At 2 minutes past the hour, every 12 hours"
"2 0 * * *","At 12:02 AM"
"2 0 1 6 *","At 12:02 AM, on day 1 of the month, only in June"
"2 0 29 6 *","At 12:02 AM, on day 29 of the month, only in June"
"2 0,2,20,22 18,19 1 *","At 12:02 AM, 02:02 AM, 08:02 PM and 10:02 PM, on day 18 and 19 of the  month, only in January"
"2 0-21/3 3-5 3 6,0,1","At 2 minutes past the hour, every 3 hours, between 12:00 AM and 09:59 PM,  between day 3 and 5 of the month, only on Saturday, Sunday, and Monday, only  in March"
"2 0-22 11-15 5 0-3,6","At 2 minutes past the hour, between 12:00 AM and 10:59 PM, between day 11  and 15 of the month, only on Sunday through Wednesday and Saturday, only in  May"
"2 0-22/2 * * *","At 2 minutes past the hour, every 2 hours, between 12:00 AM and 10:59 PM"
"2 0-23 * * 0,1","At 2 minutes past the hour, between 12:00 AM and 11:59 PM, only on Sunday  and Monday"
"2 0-23 4-5 3 0,1","At 2 minutes past the hour, between 12:00 AM and 11:59 PM, between day 4  and 5 of the month, only on Sunday and Monday, only in March"
"2 0-23/4 * * *","At 2 minutes past the hour, every 4 hours, between 12:00 AM and 11:59 PM"
"2 0-23/8 * * *","At 2 minutes past the hour, every 8 hours, between 12:00 AM and 11:59 PM"
"2 02 * * *","At 02:02 AM"
"2 03-22 * * *","At 2 minutes past the hour, between 03:00 AM and 10:59 PM"
"2 04 * * *","At 04:02 AM"
"2 06-18/4 * * 1-5","At 2 minutes past the hour, every 4 hours, between 06:00 AM and 06:59 PM,  Monday through Friday"
"2 1 * * *","At 01:02 AM"
"2 1-23 28 6 *","At 2 minutes past the hour, between 01:00 AM and 11:59 PM, on day 28 of  the month, only in June"
"2 1-23 31 5 *","At 2 minutes past the hour, between 01:00 AM and 11:59 PM, on day 31 of  the month, only in May"
"2 10 * * *","At 10:02 AM"
"2 14 28 3 3","At 02:02 PM, on day 28 of the month, only on Wednesday, only in March"
"2 3 * * *","At 03:02 AM"
"2 3-21/6 * * *","At 2 minutes past the hour, every 6 hours, between 03:00 AM and 09:59 PM"
"2 4-19 * * 1-5","At 2 minutes past the hour, between 04:00 AM and 07:59 PM, Monday through  Friday"
"2 5 * * *","At 05:02 AM"
"2 6 * * *","At 06:02 AM"
"2 6,18 * * *","At 06:02 AM and 06:02 PM"
"2 6-23 * * *","At 2 minutes past the hour, between 06:00 AM and 11:59 PM"
"2 7-23 * * *","At 2 minutes past the hour, between 07:00 AM and 11:59 PM"
"2 8 * * *","At 08:02 AM"
"2,12,22,32,42,52 * * * *","At 2, 12, 22, 32, 42, and 52 minutes past the hour"
"2,17,32,47 * * * *","At 2, 17, 32, and 47 minutes past the hour"
"2,17,32,47 10-23 * * 1-5","At 2, 17, 32, and 47 minutes past the hour, between 10:00 AM and 11:59  PM, Monday through Friday"
"2,17,32,47 6-21 * * *","At 2, 17, 32, and 47 minutes past the hour, between 06:00 AM and 09:59 PM"
"2,30 * * * *","At 2 and 30 minutes past the hour"
"2,32 * * * *","At 2 and 32 minutes past the hour"
"2,32 * * * 1-5","At 2 and 32 minutes past the hour, Monday through Friday"
"2,32 7-20 * * 1-5","At 2 and 32 minutes past the hour, between 07:00 AM and 08:59 PM, Monday  through Friday"
"2,32 8-22 * * *","At 2 and 32 minutes past the hour, between 08:00 AM and 10:59 PM"
"2,7,12,17,22,27,32,37,42,47,52,57 * * * *","At 2, 7, 12, 17, 22, 27, 32, 37, 42, 47, 52, and 57 minutes past the hour"
"2,7,32,47 * * * 1-6","At 2, 7, 32, and 47 minutes past the hour, Monday through Saturday"
"2-32/30 * * * *","Every 30 minutes, minutes 2 through 32 past the hour"
"2-32/30 9-22 * * 1-5","Every 30 minutes, minutes 2 through 32 past the hour, between 09:00 AM  and 10:59 PM, Monday through Friday"
"2-41/20 * * * *","Every 20 minutes, minutes 2 through 41 past the hour"
"2-45/15 * * * *","Every 15 minutes, minutes 2 through 45 past the hour"
"2-46/15 * * * *","Every 15 minutes, minutes 2 through 46 past the hour"
"2-46/30 * * * *","Every 30 minutes, minutes 2 through 46 past the hour"
"2-47/15 * * * *","Every 15 minutes, minutes 2 through 47 past the hour"
"2-47/5 * * * *","Every 5 minutes, minutes 2 through 47 past the hour"
"2-5/15 * * * *","Every 15 minutes, minutes 2 through 5 past the hour"
"2-51/10 * * * *","Every 10 minutes, minutes 2 through 51 past the hour"
"2-52/10 * * * *","Every 10 minutes, minutes 2 through 52 past the hour"
"2-52/60 * * * *","Every 60 minutes, minutes 2 through 52 past the hour"
"2-55/5 * * * *","Every 5 minutes, minutes 2 through 55 past the hour"
"2-56/5 * * * *","Every 5 minutes, minutes 2 through 56 past the hour"
"2-57/10 * * * *","Every 10 minutes, minutes 2 through 57 past the hour"
"2-57/11 * * * *","Every 11 minutes, minutes 2 through 57 past the hour"
"2-57/15 * * * *","Every 15 minutes, minutes 2 through 57 past the hour"
"2-57/15 7-22 * * *","Every 15 minutes, minutes 2 through 57 past the hour, between 07:00 AM  and 10:59 PM"
"2-57/30 * * * *","Every 30 minutes, minutes 2 through 57 past the hour"
"2-57/5 * * * *","Every 5 minutes, minutes 2 through 57 past the hour"
"2-57/5 7-22 * * *","Every 5 minutes, minutes 2 through 57 past the hour, between 07:00 AM and  10:59 PM"
"2-57/5 9-22 * * *","Every 5 minutes, minutes 2 through 57 past the hour, between 09:00 AM and  10:59 PM"
"2-57/60 * * * *","Every 60 minutes, minutes 2 through 57 past the hour"
"2-58/10 * * * *","Every 10 minutes, minutes 2 through 58 past the hour"
"2-58/10 2-19 * * 1-5","Every 10 minutes, minutes 2 through 58 past the hour, between 02:00 AM  and 07:59 PM, Monday through Friday"
"2-58/15 * * * *","Every 15 minutes, minutes 2 through 58 past the hour"
"2-58/15 9-23 * * *","Every 15 minutes, minutes 2 through 58 past the hour, between 09:00 AM  and 11:59 PM"
"2-58/2 * * * *","Every 2 minutes, minutes 2 through 58 past the hour"
"2-58/20 * * * *","Every 20 minutes, minutes 2 through 58 past the hour"
"2-58/30 * * * *","Every 30 minutes, minutes 2 through 58 past the hour"
"2-58/5 * * * *","Every 5 minutes, minutes 2 through 58 past the hour"
"2-58/5 3-18 * * 1-5","Every 5 minutes, minutes 2 through 58 past the hour, between 03:00 AM and  06:59 PM, Monday through Friday"
"2-58/5 3-19 * * 1-5","Every 5 minutes, minutes 2 through 58 past the hour, between 03:00 AM and  07:59 PM, Monday through Friday"
"2-58/6 * * * *","Every 6 minutes, minutes 2 through 58 past the hour"
"2-59/10 * * * *","Every 10 minutes, minutes 2 through 59 past the hour"
"2-59/15 * * * *","Every 15 minutes, minutes 2 through 59 past the hour"
"2-59/15 18-22 * * *","Every 15 minutes, minutes 2 through 59 past the hour, between 06:00 PM  and 10:59 PM"
"2-59/15 19-23,0-8 * * *","Every 15 minutes, minutes 2 through 59 past the hour, at 07:00 PM through  11:59 PM and 12:00 AM through 08:59 AM"
"2-59/15 22,23,0,1,2 * * *","Every 15 minutes, minutes 2 through 59 past the hour, at 10:00 PM, 11:00  PM, 12:00 AM, 01:00 AM, and 02:00 AM"
"2-59/15 8-20 * * *","Every 15 minutes, minutes 2 through 59 past the hour, between 08:00 AM  and 08:59 PM"
"2-59/2 * * * *","Every 2 minutes, minutes 2 through 59 past the hour"
"2-59/20 * * * *","Every 20 minutes, minutes 2 through 59 past the hour"
"2-59/30 * * * *","Every 30 minutes, minutes 2 through 59 past the hour"
"2-59/30 15-23,0-3 * * *","Every 30 minutes, minutes 2 through 59 past the hour, at 03:00 PM through  11:59 PM and 12:00 AM through 03:59 AM"
"2-59/30 9-17 * * 2-6","Every 30 minutes, minutes 2 through 59 past the hour, between 09:00 AM  and 05:59 PM, Tuesday through Saturday"
"2-59/5 * * * *","Every 5 minutes, minutes 2 through 59 past the hour"
"2-59/5 8-19 * * 1-5","Every 5 minutes, minutes 2 through 59 past the hour, between 08:00 AM and  07:59 PM, Monday through Friday"
"2-59/6 * * * *","Every 6 minutes, minutes 2 through 59 past the hour"
"03 * * * *","At 03 minutes past the hour"
"03 0 * * *","At 12:03 AM"
"03 1 * * *","At 01:03 AM"
"03 8 * * *","At 08:03 AM"
"03-33/30 9-18 * * 6","Every 30 minutes, minutes 03 through 33 past the hour, between 09:00 AM  and 06:59 PM, only on Saturday"
"03-48/15 * * * *","Every 15 minutes, minutes 03 through 48 past the hour"
"03-58/5 * * * *","Every 5 minutes, minutes 03 through 58 past the hour"
"3 * * * *","At 3 minutes past the hour"
"3 */3 * * *","At 3 minutes past the hour, every 3 hours"
"3 */4 * * *","At 3 minutes past the hour, every 4 hours"
"3 */4 * * 1-5","At 3 minutes past the hour, every 4 hours, Monday through Friday"
"3 */8 * * *","At 3 minutes past the hour, every 8 hours"
"3 0 * * *","At 12:03 AM"
"3 0 * * 1-5","At 12:03 AM, Monday through Friday"
"3 0-18/2 24 10 3","At 3 minutes past the hour, every 2 hours, between 12:00 AM and 06:59 PM,  on day 24 of the month, only on Wednesday, only in October"
"3 0-22/2 26-30 10 *","At 3 minutes past the hour, every 2 hours, between 12:00 AM and 10:59 PM,  between day 26 and 30 of the month, only in October"
"3 0-22/2 6-10 4 0-3,6","At 3 minutes past the hour, every 2 hours, between 12:00 AM and 10:59 PM,  between day 6 and 10 of the month, only on Sunday through Wednesday and  Saturday, only in April"
"3 03-22 * * *","At 3 minutes past the hour, between 03:00 AM and 10:59 PM"
"3 04 * * *","At 04:03 AM"
"3 1,3 * * *","At 01:03 AM and 03:03 AM"
"3 2 * * *","At 02:03 AM"
"3 21,4 * * *","At 09:03 PM and 04:03 AM"
"3 23 * * *","At 11:03 PM"
"3 3 * * *","At 03:03 AM"
"3 4 * * *","At 04:03 AM"
"3 4-18 * * 1-5","At 3 minutes past the hour, between 04:00 AM and 06:59 PM, Monday through  Friday"
"3 6 * * *","At 06:03 AM"
"3 6-23 * * *","At 3 minutes past the hour, between 06:00 AM and 11:59 PM"
"3 7 * * *","At 07:03 AM"
"3 7-23 * * *","At 3 minutes past the hour, between 07:00 AM and 11:59 PM"
"3 7-23 * * 1-6","At 3 minutes past the hour, between 07:00 AM and 11:59 PM, Monday through  Saturday"
"3 7-23/12 * * *","At 3 minutes past the hour, every 12 hours, between 07:00 AM and 11:59 PM"
"3 9-21 * * *","At 3 minutes past the hour, between 09:00 AM and 09:59 PM"
"3,13,23,33,43,53 * * * *","At 3, 13, 23, 33, 43, and 53 minutes past the hour"
"3,18,33,48  0,1,2,3,4,5,6,7,9,10,11,12,13,14,15,16,17,18,19,20 * * 1-5","At 3, 18, 33, and 48 minutes past the hour, at 12:00 AM, 01:00 AM, 02:00  AM, 03:00 AM, 04:00 AM, 05:00 AM, 06:00 AM, 07:00 AM, 09:00 AM, 10:00 AM,  11:00 AM, 12:00 PM, 01:00 PM, 02:00 PM, 03:00 PM, 04:00 PM, 05:00 PM, 06:00  PM, 07:00 PM, and 08:00 PM, Monday through Friday"
"3,18,33,48 * * * *","At 3, 18, 33, and 48 minutes past the hour"
"3,33 * * * *","At 3 and 33 minutes past the hour"
"3,33 * * * 6-7","At 3 and 33 minutes past the hour, Saturday through Sunday"
"3,33 7-18 * * *","At 3 and 33 minutes past the hour, between 07:00 AM and 06:59 PM"
"3,8,13,18,23,28,33,38,43,48,53,58  * * * *","At 3, 8, 13, 18, 23, 28, 33, 38, 43, 48, 53, and 58 minutes  past the hour"
"3,8,13,18,23,28,33,38,43,48,53,58 * * *  1-6","At 3, 8, 13, 18, 23, 28, 33, 38, 43, 48, 53, and 58 minutes past the  hour, Monday through Saturday"
"3,8,13,18,23,28,33,38,43,48,53,58 * * * *","At 3, 8, 13, 18, 23, 28, 33, 38, 43, 48, 53, and 58 minutes past the hour"
"3-3/5 * * * *","Every 5 minutes, minutes 3 through 3 past the hour"
"3-33/30 * * * *","Every 30 minutes, minutes 3 through 33 past the hour"
"3-33/30 7-23,0 * * 1-5","Every 30 minutes, minutes 3 through 33 past the hour, at 07:00 AM through  11:59 PM and 12:00 AM, Monday through Friday"
"3-46/15 * * * *","Every 15 minutes, minutes 3 through 46 past the hour"
"3-48/15 * * * *","Every 15 minutes, minutes 3 through 48 past the hour"
"3-51/10 * * * *","Every 10 minutes, minutes 3 through 51 past the hour"
"3-52/30 * * * *","Every 30 minutes, minutes 3 through 52 past the hour"
"3-53/10 * * * *","Every 10 minutes, minutes 3 through 53 past the hour"
"3-53/30 * * * *","Every 30 minutes, minutes 3 through 53 past the hour"
"3-57/10 * * * *","Every 10 minutes, minutes 3 through 57 past the hour"
"3-57/15 * * * *","Every 15 minutes, minutes 3 through 57 past the hour"
"3-57/15 4-7 * * *","Every 15 minutes, minutes 3 through 57 past the hour, between 04:00 AM  and 07:59 AM"
"3-57/30 * * * *","Every 30 minutes, minutes 3 through 57 past the hour"
"3-57/5 * * * *","Every 5 minutes, minutes 3 through 57 past the hour"
"3-58/10 * * * *","Every 10 minutes, minutes 3 through 58 past the hour"
"3-58/11 * * * *","Every 11 minutes, minutes 3 through 58 past the hour"
"3-58/15 * * * *","Every 15 minutes, minutes 3 through 58 past the hour"
"3-58/15 6-22 * * *","Every 15 minutes, minutes 3 through 58 past the hour, between 06:00 AM  and 10:59 PM"
"3-58/30 6-22 * * *","Every 30 minutes, minutes 3 through 58 past the hour, between 06:00 AM  and 10:59 PM"
"3-58/5 * * * *","Every 5 minutes, minutes 3 through 58 past the hour"
"3-58/5 4-20 * * *","Every 5 minutes, minutes 3 through 58 past the hour, between 04:00 AM and  08:59 PM"
"3-58/5 6-20 * * *","Every 5 minutes, minutes 3 through 58 past the hour, between 06:00 AM and  08:59 PM"
"3-58/5 7-22 * * *","Every 5 minutes, minutes 3 through 58 past the hour, between 07:00 AM and  10:59 PM"
"3-58/5 9-21 * * 1-5","Every 5 minutes, minutes 3 through 58 past the hour, between 09:00 AM and  09:59 PM, Monday through Friday"
"3-59/10 * * * *","Every 10 minutes, minutes 3 through 59 past the hour"
"3-59/15 * * * *","Every 15 minutes, minutes 3 through 59 past the hour"
"3-59/15 * * * 1-6","Every 15 minutes, minutes 3 through 59 past the hour, Monday through  Saturday"
"3-59/15 2-7 * * 1-6","Every 15 minutes, minutes 3 through 59 past the hour, between 02:00 AM  and 07:59 AM, Monday through Saturday"
"3-59/15 6-8 * * *","Every 15 minutes, minutes 3 through 59 past the hour, between 06:00 AM  and 08:59 AM"
"3-59/3 * * * *","Every 3 minutes, minutes 3 through 59 past the hour"
"3-59/30 * * * *","Every 30 minutes, minutes 3 through 59 past the hour"
"3-59/45 * * * *","Every 45 minutes, minutes 3 through 59 past the hour"
"3-59/5 * * * *","Every 5 minutes, minutes 3 through 59 past the hour"
"3-59/5 3-5 * * 1-6","Every 5 minutes, minutes 3 through 59 past the hour, between 03:00 AM and  05:59 AM, Monday through Saturday"
"3-59/5 8-22 * * 1-5","Every 5 minutes, minutes 3 through 59 past the hour, between 08:00 AM and  10:59 PM, Monday through Friday"
"3-59/5 9-16 * * 0","Every 5 minutes, minutes 3 through 59 past the hour, between 09:00 AM and  04:59 PM, only on Sunday"
"3-59/5 9-20 * * 6","Every 5 minutes, minutes 3 through 59 past the hour, between 09:00 AM and  08:59 PM, only on Saturday"
"3-59/59 * * * *","Every 59 minutes, minutes 3 through 59 past the hour"
"04-44/30 10-15 * * 0","Every 30 minutes, minutes 04 through 44 past the hour, between 10:00 AM  and 03:59 PM, only on Sunday"
"04-49/15 * * * *","Every 15 minutes, minutes 04 through 49 past the hour"
"04-59/5 * * * *","Every 5 minutes, minutes 04 through 59 past the hour"
"4 * * * *","At 4 minutes past the hour"
"4 * * * 0,6","At 4 minutes past the hour, only on Sunday and Saturday"
"4 * * * 1-5","At 4 minutes past the hour, Monday through Friday"
"4 */1 * * *","At 4 minutes past the hour"
"4 0 * * *","At 12:04 AM"
"4 0-8/2 * * *","At 4 minutes past the hour, every 2 hours, between 12:00 AM and 08:59 AM"
"4 09 * * *","At 09:04 AM"
"4 1 * * *","At 01:04 AM"
"4 2 * * *","At 02:04 AM"
"4 3 * * *","At 03:04 AM"
"4 3-23 * * *","At 4 minutes past the hour, between 03:00 AM and 11:59 PM"
"4 5 * * *","At 05:04 AM"
"4 6 * * *","At 06:04 AM"
"4 7 * * *","At 07:04 AM"
"4 8 * * *","At 08:04 AM"
"4 8-23/5 * * *","At 4 minutes past the hour, every 5 hours, between 08:00 AM and 11:59 PM"
"4,14,24,34,44,54 * * * *","At 4, 14, 24, 34, 44, and 54 minutes past the hour"
"4,14,24,34,44,54/10 * * * *","Every 10 minutes"
"4,19,34,49 * * * *","At 4, 19, 34, and 49 minutes past the hour"
"4,34 * * * *","At 4 and 34 minutes past the hour"
"4,9,14,19,24,29,3,39,44,49,54,59 * * * *","At 4, 9, 14, 19, 24, 29, 3, 39, 44, 49, 54, and 59 minutes past the hour"
"4,9,14,19,24,29,34,39,44,49,54,59 * * * *","At 4, 9, 14, 19, 24, 29, 34, 39, 44, 49, 54, and 59 minutes past the hour"
"4-34/15 * * * *","Every 15 minutes, minutes 4 through 34 past the hour"
"4-34/30 * * * *","Every 30 minutes, minutes 4 through 34 past the hour"
"4-34/5 * * * *","Every 5 minutes, minutes 4 through 34 past the hour"
"4-45/15 * * * *","Every 15 minutes, minutes 4 through 45 past the hour"
"4-46/15 * * * *","Every 15 minutes, minutes 4 through 46 past the hour"
"4-49/15 * * * *","Every 15 minutes, minutes 4 through 49 past the hour"
"4-51/10 * * * *","Every 10 minutes, minutes 4 through 51 past the hour"
"4-54/10 * * * *","Every 10 minutes, minutes 4 through 54 past the hour"
"4-56/15 * * * *","Every 15 minutes, minutes 4 through 56 past the hour"
"4-56/3 * * * *","Every 3 minutes, minutes 4 through 56 past the hour"
"4-56/5 * * * *","Every 5 minutes, minutes 4 through 56 past the hour"
"4-56/5 7-23 * * *","Every 5 minutes, minutes 4 through 56 past the hour, between 07:00 AM and  11:59 PM"
"4-57/10 * * * *","Every 10 minutes, minutes 4 through 57 past the hour"
"4-58/15 * * * *","Every 15 minutes, minutes 4 through 58 past the hour"
"4-58/5 * * * *","Every 5 minutes, minutes 4 through 58 past the hour"
"4-59/10 * * * *","Every 10 minutes, minutes 4 through 59 past the hour"
"4-59/11 * * * *","Every 11 minutes, minutes 4 through 59 past the hour"
"4-59/15 * * * *","Every 15 minutes, minutes 4 through 59 past the hour"
"4-59/20 * * * *","Every 20 minutes, minutes 4 through 59 past the hour"
"4-59/30 * * * *","Every 30 minutes, minutes 4 through 59 past the hour"
"4-59/5 * * * *","Every 5 minutes, minutes 4 through 59 past the hour"
"4-59/60 * * * *","Every 60 minutes, minutes 4 through 59 past the hour"
"05 * * * *","At 05 minutes past the hour"
"05 */6 * * *","At 05 minutes past the hour, every 6 hours"
"05 08 * * *","At 08:05 AM"
"05 09 * * 1","At 09:05 AM, only on Monday"
"05 1 * * *","At 01:05 AM"
"05 11 * * *","At 11:05 AM"
"05 2 * * 1","At 02:05 AM, only on Monday"
"05 21 * * *","At 09:05 PM"
"05-35/30 * * * *","Every 30 minutes, minutes 05 through 35 past the hour"
"05-55/15 * * * *","Every 15 minutes, minutes 05 through 55 past the hour"
"5 * * * *","At 5 minutes past the hour"
"5 */2 * * *","At 5 minutes past the hour, every 2 hours"
"5 */4 * * *","At 5 minutes past the hour, every 4 hours"
"5 0 * * *","At 12:05 AM"
"5 0 * * 2","At 12:05 AM, only on Tuesday"
"5 0 1 * *","At 12:05 AM, on day 1 of the month"
"5 0,2,4,6,8,11,14,16,18,20,22 * * *","At 12:05 AM, 02:05 AM, 04:05 AM, 06:05 AM, 08:05 AM, 11:05 AM, 02:05 PM,  04:05 PM, 06:05 PM, 08:05 PM and 10:05 PM"
"5 0,4,8,12,16,20 * * *","At 12:05 AM, 04:05 AM, 08:05 AM, 12:05 PM, 04:05 PM and 08:05 PM"
"5 0-23/4 * * *","At 5 minutes past the hour, every 4 hours, between 12:00 AM and 11:59 PM"
"5 10 * * 2-6","At 10:05 AM, Tuesday through Saturday"
"5 10,12,14,16,18,20 * * *","At 10:05 AM, 12:05 PM, 02:05 PM, 04:05 PM, 06:05 PM and 08:05 PM"
"5 11 * * *","At 11:05 AM"
"5 12 * * *","At 12:05 PM"
"5 16 * * 1-5","At 04:05 PM, Monday through Friday"
"5 2 * * 1","At 02:05 AM, only on Monday"
"5 3 * * *","At 03:05 AM"
"5 4 * * *","At 04:05 AM"
"5 4,12,18 * * *","At 04:05 AM, 12:05 PM and 06:05 PM"
"5 5 * * *","At 05:05 AM"
"5 5-8 * * *","At 5 minutes past the hour, between 05:00 AM and 08:59 AM"
"5 6 * * *","At 06:05 AM"
"5 6-19 * * 1-5","At 5 minutes past the hour, between 06:00 AM and 07:59 PM, Monday through  Friday"
"5 6-23 * * *","At 5 minutes past the hour, between 06:00 AM and 11:59 PM"
"5 7 * * *","At 07:05 AM"
"5 8 * * 2-6","At 08:05 AM, Tuesday through Saturday"
"5 8,18 * * *","At 08:05 AM and 06:05 PM"
"5 8-12 * * *","At 5 minutes past the hour, between 08:00 AM and 12:59 PM"
"5 9,21 * * *","At 09:05 AM and 09:05 PM"
"5,15,25,35,45,55 * * * *","At 5, 15, 25, 35, 45, and 55 minutes past the hour"
"5,15,35,50 * * * *","At 5, 15, 35, and 50 minutes past the hour"
"5,20,35,50  0,1,2,3,4,5,6,7,10,11,12,13,14,15,16,17,18,19,20 * * 1-5","At 5, 20, 35, and 50 minutes past the hour, at 12:00 AM, 01:00 AM, 02:00  AM, 03:00 AM, 04:00 AM, 05:00 AM, 06:00 AM, 07:00 AM, 10:00 AM, 11:00 AM,  12:00 PM, 01:00 PM, 02:00 PM, 03:00 PM, 04:00 PM, 05:00 PM, 06:00 PM, 07:00  PM, and 08:00 PM, Monday through Friday"
"5,20,35,50 * * * *","At 5, 20, 35, and 50 minutes past the hour"
"5,20,35,50Â  * * * *","At 5, 20, 35, and 50 minutes past the hour"
"5,25,45 * * * *","At 5, 25, and 45 minutes past the hour"
"5,35  0,1,2,3,4,5,6,7,10,11,12,13,14,15,16,17,18,19,20 * * 1-5","At 5 and 35 minutes past the hour, at 12:00 AM, 01:00 AM, 02:00 AM, 03:00  AM, 04:00 AM, 05:00 AM, 06:00 AM, 07:00 AM, 10:00 AM, 11:00 AM, 12:00 PM,  01:00 PM, 02:00 PM, 03:00 PM, 04:00 PM, 05:00 PM, 06:00 PM, 07:00 PM, and  08:00 PM, Monday through Friday"
"5,35 * * * *","At 5 and 35 minutes past the hour"
"5,35 8-23 * * *","At 5 and 35 minutes past the hour, between 08:00 AM and 11:59 PM"
"5-36/30 * * * *","Every 30 minutes, minutes 5 through 36 past the hour"
"5-46/15 * * * *","Every 15 minutes, minutes 5 through 46 past the hour"
"5-49/11 * * * *","Every 11 minutes, minutes 5 through 49 past the hour"
"5-50/15 * * * *","Every 15 minutes, minutes 5 through 50 past the hour"
"5-51/10 * * * *","Every 10 minutes, minutes 5 through 51 past the hour"
"5-55/10 * * * *","Every 10 minutes, minutes 5 through 55 past the hour"
"5-55/15 * * * *","Every 15 minutes, minutes 5 through 55 past the hour"
"5-56/10 * * * *","Every 10 minutes, minutes 5 through 56 past the hour"
"5-56/15 * * * *","Every 15 minutes, minutes 5 through 56 past the hour"
"5-59/10 7-22 * * *","Every 10 minutes, minutes 5 through 59 past the hour, between 07:00 AM  and 10:59 PM"
"5-59/15 * * * *","Every 15 minutes, minutes 5 through 59 past the hour"
"5-59/2 * * * *","Every 2 minutes, minutes 5 through 59 past the hour"
"5-59/3 * * * *","Every 3 minutes, minutes 5 through 59 past the hour"
"5-59/5 * * * *","Every 5 minutes, minutes 5 through 59 past the hour"
"5-59/5 * * * 1-5","Every 5 minutes, minutes 5 through 59 past the hour, Monday through  Friday"
"5-59/6 8-20 * * *","Every 6 minutes, minutes 5 through 59 past the hour, between 08:00 AM and  08:59 PM"
"06 * * * *","At 06 minutes past the hour"
"06-36/30 * * * *","Every 30 minutes, minutes 06 through 36 past the hour"
"06-51/15 * * * *","Every 15 minutes, minutes 06 through 51 past the hour"
"06-56/10 * * * *","Every 10 minutes, minutes 06 through 56 past the hour"
"06-56/5 * * * *","Every 5 minutes, minutes 06 through 56 past the hour"
"6 * * * *","At 6 minutes past the hour"
"6 */2 * * *","At 6 minutes past the hour, every 2 hours"
"6 */4 * * *","At 6 minutes past the hour, every 4 hours"
"6 0 * * *","At 12:06 AM"
"6 0,8,16 * * *","At 12:06 AM, 08:06 AM and 04:06 PM"
"6 0-23 * * *","At 6 minutes past the hour, between 12:00 AM and 11:59 PM"
"6 1 * * 1-5","At 01:06 AM, Monday through Friday"
"6 10 * * *","At 10:06 AM"
"6 2 * * *","At 02:06 AM"
"6 5 * * *","At 05:06 AM"
"6 6,18 * * *","At 06:06 AM and 06:06 PM"
"6 9 * * *","At 09:06 AM"
"6,11,16,21,26,31,36,41,46,51,56 * * * *","At 6, 11, 16, 21, 26, 31, 36, 41, 46, 51, and 56 minutes past the hour"
"6,16,26,36,46,56 * * * *","At 6, 16, 26, 36, 46, and 56 minutes past the hour"
"6,36 * * * *","At 6 and 36 minutes past the hour"
"6,36 06-22 23-24 * *","At 6 and 36 minutes past the hour, between 06:00 AM and 10:59 PM, between  day 23 and 24 of the month"
"6-15/15 * * * *","Every 15 minutes, minutes 6 through 15 past the hour"
"6-36/30 * * * *","Every 30 minutes, minutes 6 through 36 past the hour"
"6-41/20 * * * *","Every 20 minutes, minutes 6 through 41 past the hour"
"6-45/15 * * * *","Every 15 minutes, minutes 6 through 45 past the hour"
"6-46/15 * * * *","Every 15 minutes, minutes 6 through 46 past the hour"
"6-46/15 * * * 6,0","Every 15 minutes, minutes 6 through 46 past the hour, only on Saturday  and Sunday"
"6-49/15 * * * *","Every 15 minutes, minutes 6 through 49 past the hour"
"6-50/11 * * * *","Every 11 minutes, minutes 6 through 50 past the hour"
"6-51/10 * * * *","Every 10 minutes, minutes 6 through 51 past the hour"
"6-51/15 * * * *","Every 15 minutes, minutes 6 through 51 past the hour"
"6-51/20 * * * *","Every 20 minutes, minutes 6 through 51 past the hour"
"6-56/10 * * * *","Every 10 minutes, minutes 6 through 56 past the hour"
"6-56/5 * * * *","Every 5 minutes, minutes 6 through 56 past the hour"
"6-59/10 * * * *","Every 10 minutes, minutes 6 through 59 past the hour"
"6-59/15 * * * *","Every 15 minutes, minutes 6 through 59 past the hour"
"6-59/20 * * * *","Every 20 minutes, minutes 6 through 59 past the hour"
"6-59/30 * * * *","Every 30 minutes, minutes 6 through 59 past the hour"
"6-59/5 * * * *","Every 5 minutes, minutes 6 through 59 past the hour"
"07 22 * * *","At 10:07 PM"
"07-52/15 * * * *","Every 15 minutes, minutes 07 through 52 past the hour"
"07-57/10 * * * *","Every 10 minutes, minutes 07 through 57 past the hour"
"07-57/5 * * * *","Every 5 minutes, minutes 07 through 57 past the hour"
"7 * * * *","At 7 minutes past the hour"
"7 */1 * * *","At 7 minutes past the hour"
"7 */2 * * *","At 7 minutes past the hour, every 2 hours"
"7 */4 * * *","At 7 minutes past the hour, every 4 hours"
"7 0 * * *","At 12:07 AM"
"7 0,4,8,12,16,20 * * *","At 12:07 AM, 04:07 AM, 08:07 AM, 12:07 PM, 04:07 PM and 08:07 PM"
"7 0-18/2 21-24 7 *","At 7 minutes past the hour, every 2 hours, between 12:00 AM and 06:59 PM,  between day 21 and 24 of the month, only in July"
"7 0-23/2 * * *","At 7 minutes past the hour, every 2 hours, between 12:00 AM and 11:59 PM"
"7 0-23/4 * * *","At 7 minutes past the hour, every 4 hours, between 12:00 AM and 11:59 PM"
"7 0-23/8 * * *","At 7 minutes past the hour, every 8 hours, between 12:00 AM and 11:59 PM"
"7 2 * * *","At 02:07 AM"
"7 6 * * *","At 06:07 AM"
"7 7 * * *","At 07:07 AM"
"7,17,27,37,47,57 * * * *","At 7, 17, 27, 37, 47, and 57 minutes past the hour"
"7-37/30 * * * *","Every 30 minutes, minutes 7 through 37 past the hour"
"7-45/15 * * * *","Every 15 minutes, minutes 7 through 45 past the hour"
"7-46/15 * * * *","Every 15 minutes, minutes 7 through 46 past the hour"
"7-51/10 * * * *","Every 10 minutes, minutes 7 through 51 past the hour"
"7-51/10 * * * 1-5","Every 10 minutes, minutes 7 through 51 past the hour, Monday through  Friday"
"7-51/11 * * * *","Every 11 minutes, minutes 7 through 51 past the hour"
"7-52/15 * * * *","Every 15 minutes, minutes 7 through 52 past the hour"
"7-57/10 * * * *","Every 10 minutes, minutes 7 through 57 past the hour"
"7-57/5 * * * *","Every 5 minutes, minutes 7 through 57 past the hour"
"7-59/10 * * * *","Every 10 minutes, minutes 7 through 59 past the hour"
"7-59/15 * * * *","Every 15 minutes, minutes 7 through 59 past the hour"
"7-59/5 * * * *","Every 5 minutes, minutes 7 through 59 past the hour"
"7-59/5 7-20 * * 1-5","Every 5 minutes, minutes 7 through 59 past the hour, between 07:00 AM and  08:59 PM, Monday through Friday"
"08-53/15 * * * *","Every 15 minutes, minutes 08 through 53 past the hour"
"08-58/5 * * * *","Every 5 minutes, minutes 08 through 58 past the hour"
"8 * * * *","At 8 minutes past the hour"
"8 */1 * * *","At 8 minutes past the hour"
"8 */2 * * *","At 8 minutes past the hour, every 2 hours"
"8 */4 * * *","At 8 minutes past the hour, every 4 hours"
"8 0 * * *","At 12:08 AM"
"8 0,4,8,12,16,20 * * *","At 12:08 AM, 04:08 AM, 08:08 AM, 12:08 PM, 04:08 PM and 08:08 PM"
"8 0,8,16 * * *","At 12:08 AM, 08:08 AM and 04:08 PM"
"8 0-18/2 28-30,1 4,5 6,0,1,2","At 8 minutes past the hour, every 2 hours, between 12:00 AM and 06:59 PM,  on day 28 through 30 and 1 of the month, only on Saturday, Sunday, Monday,  and Tuesday, only in April and May"
"8 0-23/2 * * *","At 8 minutes past the hour, every 2 hours, between 12:00 AM and 11:59 PM"
"8 01 * * *","At 01:08 AM"
"8 3 * * *","At 03:08 AM"
"8 6 * * *","At 06:08 AM"
"8 7 * * *","At 07:08 AM"
"8 8 * * *","At 08:08 AM"
"8,17,26,37,48,59 * * * *","At 8, 17, 26, 37, 48, and 59 minutes past the hour"
"8,18,28,38,48,58 * * * *","At 8, 18, 28, 38, 48, and 58 minutes past the hour"
"8,23,38,53 * * * *","At 8, 23, 38, and 53 minutes past the hour"
"8,38 * * * *","At 8 and 38 minutes past the hour"
"8-38/30 * * * *","Every 30 minutes, minutes 8 through 38 past the hour"
"8-45/15 * * * *","Every 15 minutes, minutes 8 through 45 past the hour"
"8-46/15 * * * *","Every 15 minutes, minutes 8 through 46 past the hour"
"8-48/20 * * * *","Every 20 minutes, minutes 8 through 48 past the hour"
"8-51/10 * * * *","Every 10 minutes, minutes 8 through 51 past the hour"
"8-53/15 * * * *","Every 15 minutes, minutes 8 through 53 past the hour"
"8-58/10 * * * *","Every 10 minutes, minutes 8 through 58 past the hour"
"8-58/11 * * * *","Every 11 minutes, minutes 8 through 58 past the hour"
"8-58/5 * * * *","Every 5 minutes, minutes 8 through 58 past the hour"
"8-59/10 * * * *","Every 10 minutes, minutes 8 through 59 past the hour"
"8-59/15 * * * *","Every 15 minutes, minutes 8 through 59 past the hour"
"8-59/5 * * * *","Every 5 minutes, minutes 8 through 59 past the hour"
"8-59/5 8-19 * * 1-5","Every 5 minutes, minutes 8 through 59 past the hour, between 08:00 AM and  07:59 PM, Monday through Friday"
"09-54/15 * * * *","Every 15 minutes, minutes 09 through 54 past the hour"
"09-59/10 * * * *","Every 10 minutes, minutes 09 through 59 past the hour"
"09-59/5 * * * *","Every 5 minutes, minutes 09 through 59 past the hour"
"9 * * * *","At 9 minutes past the hour"
"9 0 * * *","At 12:09 AM"
"9 11 * * *","At 11:09 AM"
"9 6 * * *","At 06:09 AM"
"9 6 * * 1","At 06:09 AM, only on Monday"
"9 9-17 * * *","At 9 minutes past the hour, between 09:00 AM and 05:59 PM"
"9,19,29,39,49,59 * * * *","At 9, 19, 29, 39, 49, and 59 minutes past the hour"
"9,24,39,54 * * * *","At 9, 24, 39, and 54 minutes past the hour"
"9-23/7 * * * *","Every 7 minutes, minutes 9 through 23 past the hour"
"9-39/30 * * * *","Every 30 minutes, minutes 9 through 39 past the hour"
"9-46/15 * * * *","Every 15 minutes, minutes 9 through 46 past the hour"
"9-51/10 * * * *","Every 10 minutes, minutes 9 through 51 past the hour"
"9-54/15 * * * *","Every 15 minutes, minutes 9 through 54 past the hour"
"9-54/15 0-16 * * *","Every 15 minutes, minutes 9 through 54 past the hour, between 12:00 AM  and 04:59 PM"
"9-59/10 * * * *","Every 10 minutes, minutes 9 through 59 past the hour"
"9-59/11 * * * *","Every 11 minutes, minutes 9 through 59 past the hour"
"9-59/15 * * * *","Every 15 minutes, minutes 9 through 59 past the hour"
"9-59/5 * * * *","Every 5 minutes, minutes 9 through 59 past the hour"
"9-59/5 8-19 * * 1-5","Every 5 minutes, minutes 9 through 59 past the hour, between 08:00 AM and  07:59 PM, Monday through Friday"
"10 * * * *","At 10 minutes past the hour"
"10 0 * * *","At 12:10 AM"
"10 0 1 * *","At 12:10 AM, on day 1 of the month"
"10 0,3,6,9,12,15,18,21 * * *","At 12:10 AM, 03:10 AM, 06:10 AM, 09:10 AM, 12:10 PM, 03:10 PM, 06:10 PM  and 09:10 PM"
"10 0,4,8,12,16,20 * * *","At 12:10 AM, 04:10 AM, 08:10 AM, 12:10 PM, 04:10 PM and 08:10 PM"
"10 09 * * 1","At 09:10 AM, only on Monday"
"10 1 * * *","At 01:10 AM"
"10 10 * * *","At 10:10 AM"
"10 11 * * *","At 11:10 AM"
"10 12 * * *","At 12:10 PM"
"10 12 * * 5","At 12:10 PM, only on Friday"
"10 13 * * *","At 01:10 PM"
"10 14 * * *","At 02:10 PM"
"10 14 * * 2-6","At 02:10 PM, Tuesday through Saturday"
"10 15 * * *","At 03:10 PM"
"10 15 * * 2-6","At 03:10 PM, Tuesday through Saturday"
"10 16 * * *","At 04:10 PM"
"10 17 * * *","At 05:10 PM"
"10 17 * * 2-6","At 05:10 PM, Tuesday through Saturday"
"10 18 * * *","At 06:10 PM"
"10 19 * * *","At 07:10 PM"
"10 2 * * *","At 02:10 AM"
"10 2 * * 1","At 02:10 AM, only on Monday"
"10 20 * * *","At 08:10 PM"
"10 21 * * *","At 09:10 PM"
"10 22 * * *","At 10:10 PM"
"10 23 * * *","At 11:10 PM"
"10 3 * * *","At 03:10 AM"
"10 4 * * *","At 04:10 AM"
"10 5 * * *","At 05:10 AM"
"10 6 * * *","At 06:10 AM"
"10 7 * * *","At 07:10 AM"
"10 8 * * *","At 08:10 AM"
"10 9 * * *","At 09:10 AM"
"10 9 * * 2-6","At 09:10 AM, Tuesday through Saturday"
"10,25,40,55 * * * *","At 10, 25, 40, and 55 minutes past the hour"
"10,30,50 * * * *","At 10, 30, and 50 minutes past the hour"
"10,40 * * * *","At 10 and 40 minutes past the hour"
"10-46/15 * * * *","Every 15 minutes, minutes 10 through 46 past the hour"
"10-50/30 7-22 * * *","Every 30 minutes, minutes 10 through 50 past the hour, between 07:00 AM  and 10:59 PM"
"10-51/10 * * * *","Every 10 minutes, minutes 10 through 51 past the hour"
"10-55/15 * * * *","Every 15 minutes, minutes 10 through 55 past the hour"
"10-59/15 * * * *","Every 15 minutes, minutes 10 through 59 past the hour"
"10-59/5 * * * *","Every 5 minutes, minutes 10 through 59 past the hour"
"10-59/5 8-19 * * 1-5","Every 5 minutes, minutes 10 through 59 past the hour, between 08:00 AM  and 07:59 PM, Monday through Friday"
"11 * * * *","At 11 minutes past the hour"
"11 0-23/2 * * *","At 11 minutes past the hour, every 2 hours, between 12:00 AM and 11:59 PM"
"11 11 * * 2-6","At 11:11 AM, Tuesday through Saturday"
"11 19 * * 1-5","At 07:11 PM, Monday through Friday"
"11 2,4 * * 4","At 02:11 AM and 04:11 AM, only on Thursday"
"11 20 * * 1-5","At 08:11 PM, Monday through Friday"
"11 23 * * *","At 11:11 PM"
"11 3 * * *","At 03:11 AM"
"11 4 * * 1","At 04:11 AM, only on Monday"
"11 5 * * *","At 05:11 AM"
"11 6,10,14,18,22,2 * * *","At 06:11 AM, 10:11 AM, 02:11 PM, 06:11 PM, 10:11 PM and 02:11 AM"
"11,26,41,56 * * * *","At 11, 26, 41, and 56 minutes past the hour"
"11-56/15 * * * *","Every 15 minutes, minutes 11 through 56 past the hour"
"11-59/10 * * * *","Every 10 minutes, minutes 11 through 59 past the hour"
"11-59/15 * * * *","Every 15 minutes, minutes 11 through 59 past the hour"
"12 * * * *","At 12 minutes past the hour"
"12 */5 * * *","At 12 minutes past the hour, every 5 hours"
"12 0 * * *","At 12:12 AM"
"12 1 * * *","At 01:12 AM"
"12 1,3 * * *","At 01:12 AM and 03:12 AM"
"12 16 * * *","At 04:12 PM"
"12 19 * * 1-6","At 07:12 PM, Monday through Saturday"
"12 3 * * *","At 03:12 AM"
"12 4 * * *","At 04:12 AM"
"12 5 * * *","At 05:12 AM"
"12 6 * * 1","At 06:12 AM, only on Monday"
"12 9 * * *","At 09:12 AM"
"12,22,32,42,52,02 * * * *","At 12, 22, 32, 42, 52, and 02 minutes past the hour"
"12,37,52 15-17 * * *","At 12, 37, and 52 minutes past the hour, between 03:00 PM and 05:59 PM"
"12-52/10 * * * *","Every 10 minutes, minutes 12 through 52 past the hour"
"12-57/15 * * * *","Every 15 minutes, minutes 12 through 57 past the hour"
"12-59/15 * * * *","Every 15 minutes, minutes 12 through 59 past the hour"
"12-59/30 * * * *","Every 30 minutes, minutes 12 through 59 past the hour"
"13 * * * *","At 13 minutes past the hour"
"13 */2 * * *","At 13 minutes past the hour, every 2 hours"
"13 */4 * * *","At 13 minutes past the hour, every 4 hours"
"13 1 * * *","At 01:13 AM"
"13 2,3 * * *","At 02:13 AM and 03:13 AM"
"13 3 * * *","At 03:13 AM"
"13 7 * * *","At 07:13 AM"
"13,28,43,58 * * * *","At 13, 28, 43, and 58 minutes past the hour"
"13-59/15 * * * *","Every 15 minutes, minutes 13 through 59 past the hour"
"14 * * * *","At 14 minutes past the hour"
"14 */2 * * *","At 14 minutes past the hour, every 2 hours"
"14 0-23/4 * * *","At 14 minutes past the hour, every 4 hours, between 12:00 AM and 11:59 PM"
"14 2 * * *","At 02:14 AM"
"14 2 * * 6","At 02:14 AM, only on Saturday"
"14 3 * * *","At 03:14 AM"
"14 6 * * 1-5","At 06:14 AM, Monday through Friday"
"14 7 * * *","At 07:14 AM"
"14 9 * * *","At 09:14 AM"
"14,29,44,59 * * * *","At 14, 29, 44, and 59 minutes past the hour"
"14,29,44,59 0-6 * * *","At 14, 29, 44, and 59 minutes past the hour, between 12:00 AM and 06:59  AM"
"14-59/15 * * * *","Every 15 minutes, minutes 14 through 59 past the hour"
"15 * * * *","At 15 minutes past the hour"
"15 */1 * * *","At 15 minutes past the hour"
"15 */2 * * *","At 15 minutes past the hour, every 2 hours"
"15 */4 * * *","At 15 minutes past the hour, every 4 hours"
"15 0 * * *","At 12:15 AM"
"15 0 * * 1","At 12:15 AM, only on Monday"
"15 0 1 * *","At 12:15 AM, on day 1 of the month"
"15 0,2 * * 4","At 12:15 AM and 02:15 AM, only on Thursday"
"15 0,2,4,6,8,11,14,16,18,20,22 * * *","At 12:15 AM, 02:15 AM, 04:15 AM, 06:15 AM, 08:15 AM, 11:15 AM, 02:15 PM,  04:15 PM, 06:15 PM, 08:15 PM and 10:15 PM"
"15 0,4,8,12,16,20 * * *","At 12:15 AM, 04:15 AM, 08:15 AM, 12:15 PM, 04:15 PM and 08:15  PM"
"15 00 * * 1","At 12:15 AM, only on Monday"
"15 00,08,16 * * *","At 12:15 AM, 08:15 AM and 04:15 PM"
"15 02 * * *","At 02:15 AM"
"15 1 * * *","At 01:15 AM"
"15 1 * * 1","At 01:15 AM, only on Monday"
"15 1 * * 1-5","At 01:15 AM, Monday through Friday"
"15 19,20 * * 1-5","At 07:15 PM and 08:15 PM, Monday through Friday"
"15 2 * * *","At 02:15 AM"
"15 2 * * 1","At 02:15 AM, only on Monday"
"15 2 * * 1-5","At 02:15 AM, Monday through Friday"
"15 2-19 * * 1-5","At 15 minutes past the hour, between 02:00 AM and 07:59 PM, Monday  through Friday"
"15 2-8 * * *","At 15 minutes past the hour, between 02:00 AM and 08:59 AM"
"15 20 * * 1-6","At 08:15 PM, Monday through Saturday"
"15 20 1 * *","At 08:15 PM, on day 1 of the month"
"15 20,21 * * 1-5","At 08:15 PM and 09:15 PM, Monday through Friday"
"15 21,22 * * 1-5","At 09:15 PM and 10:15 PM, Monday through Friday"
"15 22,23 * * 1-5","At 10:15 PM and 11:15 PM, Monday through Friday"
"15 3 * * *","At 03:15 AM"
"15 3,9,15,21 * * *","At 03:15 AM, 09:15 AM, 03:15 PM and 09:15 PM"
"15 4 * * *","At 04:15 AM"
"15 5 * * *","At 05:15 AM"
"15 6 * * *","At 06:15 AM"
"15 6,12,18 * * 1-6","At 06:15 AM, 12:15 PM and 06:15 PM, Monday through Saturday"
"15 8 * * *","At 08:15 AM"
"15 8-23 * * *","At 15 minutes past the hour, between 08:00 AM and 11:59 PM"
"15,45 * * * *","At 15 and 45 minutes past the hour"
"16 * * * *","At 16 minutes past the hour"
"16 0,2 * * *","At 12:16 AM and 02:16 AM"
"16 1,3 * * 4","At 01:16 AM and 03:16 AM, only on Thursday"
"16 2,3 * * 4","At 02:16 AM and 03:16 AM, only on Thursday"
"16 3 * * *","At 03:16 AM"
"16 4 * * *","At 04:16 AM"
"16 6,10,18 * * *","At 06:16 AM, 10:16 AM and 06:16 PM"
"16-46/15 * * * *","Every 15 minutes, minutes 16 through 46 past the hour"
"16-59/15 * * * *","Every 15 minutes, minutes 16 through 59 past the hour"
"17 * * * *","At 17 minutes past the hour"
"17 19 * * 1-6","At 07:17 PM, Monday through Saturday"
"17 2,4 * * 4","At 02:17 AM and 04:17 AM, only on Thursday"
"17 20 * * 1-6","At 08:17 PM, Monday through Saturday"
"17 3 * * *","At 03:17 AM"
"17 6 * * *","At 06:17 AM"
"17 8-17 * * 1-5","At 17 minutes past the hour, between 08:00 AM and 05:59 PM, Monday  through Friday"
"18 * * * *","At 18 minutes past the hour"
"18 */4 * * *","At 18 minutes past the hour, every 4 hours"
"18 1 * * *","At 01:18 AM"
"18 3 * * *","At 03:18 AM"
"18 5 * * *","At 05:18 AM"
"18,48 * * * *","At 18 and 48 minutes past the hour"
"19 * * * *","At 19 minutes past the hour"
"19 0,1 * * *","At 12:19 AM and 01:19 AM"
"19 0,2 * * 4","At 12:19 AM and 02:19 AM, only on Thursday"
"19 3 * * *","At 03:19 AM"
"19 5 * * *","At 05:19 AM"
"20 * * * *","At 20 minutes past the hour"
"20 */1 * * *","At 20 minutes past the hour"
"20 0 * * *","At 12:20 AM"
"20 1 * * *","At 01:20 AM"
"20 10 * * *","At 10:20 AM"
"20 11 * * *","At 11:20 AM"
"20 12 * * *","At 12:20 PM"
"20 13 * * *","At 01:20 PM"
"20 14 * * *","At 02:20 PM"
"20 15 * * *","At 03:20 PM"
"20 16 * * *","At 04:20 PM"
"20 17 * * *","At 05:20 PM"
"20 18 * * *","At 06:20 PM"
"20 19 * * *","At 07:20 PM"
"20 2 * * *","At 02:20 AM"
"20 2 * * 1","At 02:20 AM, only on Monday"
"20 20 * * *","At 08:20 PM"
"20 21 * * *","At 09:20 PM"
"20 22 * * *","At 10:20 PM"
"20 23 * * *","At 11:20 PM"
"20 3 * * *","At 03:20 AM"
"20 4 * * *","At 04:20 AM"
"20 4 * * 6","At 04:20 AM, only on Saturday"
"20 5 * * *","At 05:20 AM"
"20 6 * * *","At 06:20 AM"
"20 7 * * *","At 07:20 AM"
"20 8 * * *","At 08:20 AM"
"20 9 * * *","At 09:20 AM"
"20,50 * * * *","At 20 and 50 minutes past the hour"
"21 * * * *","At 21 minutes past the hour"
"21 */2 * * *","At 21 minutes past the hour, every 2 hours"
"21 0 * * *","At 12:21 AM"
"21 0,2 * * *","At 12:21 AM and 02:21 AM"
"21 3 * * *","At 03:21 AM"
"21-59/20 20-23,0-8 * * *","Every 20 minutes, minutes 21 through 59 past the hour, at 08:00 PM  through 11:59 PM and 12:00 AM through 08:59 AM"
"22 * * * *","At 22 minutes past the hour"
"22 0 * * *","At 12:22 AM"
"22 0,2 * * 4","At 12:22 AM and 02:22 AM, only on Thursday"
"22 12 * * *","At 12:22 PM"
"22 2 * * *","At 02:22 AM"
"22 2 * * 0-1","At 02:22 AM, Sunday through Monday"
"22 20 * * 1-6","At 08:22 PM, Monday through Saturday"
"22 3 * * *","At 03:22 AM"
"22 4 * * *","At 04:22 AM"
"22 5 * * *","At 05:22 AM"
"23 * * * *","At 23 minutes past the hour"
"23 0 * * *","At 12:23 AM"
"23 0,6,12,18 * * *","At 12:23 AM, 06:23 AM, 12:23 PM and 06:23 PM"
"23 1 * * *","At 01:23 AM"
"24 * * * *","At 24 minutes past the hour"
"24 1 * * 0-1","At 01:24 AM, Sunday through Monday"
"24 3,4 * * 4","At 03:24 AM and 04:24 AM, only on Thursday"
"25 * * * *","At 25 minutes past the hour"
"25 */1 * * *","At 25 minutes past the hour"
"25 0-23/2 * * *","At 25 minutes past the hour, every 2 hours, between 12:00 AM and 11:59 PM"
"25 1 * * *","At 01:25 AM"
"25 2 * * 1","At 02:25 AM, only on Monday"
"25 2,14 * * *","At 02:25 AM and 02:25 PM"
"25 2,3 * * 4","At 02:25 AM and 03:25 AM, only on Thursday"
"25 3 * * *","At 03:25 AM"
"25 3,4 * * 4","At 03:25 AM and 04:25 AM, only on Thursday"
"25 4 * * *","At 04:25 AM"
"25 4,16 * * *","At 04:25 AM and 04:25 PM"
"25 5 * * *","At 05:25 AM"
"25,55 * * * *","At 25 and 55 minutes past the hour"
"25-55/30 * * * *","Every 30 minutes, minutes 25 through 55 past the hour"
"26 * * * *","At 26 minutes past the hour"
"26 0,1 * * 4","At 12:26 AM and 01:26 AM, only on Thursday"
"26,56 * * * *","At 26 and 56 minutes past the hour"
"27 * * * *","At 27 minutes past the hour"
"27 */1 * * *","At 27 minutes past the hour"
"27 1,3 * * 4","At 01:27 AM and 03:27 AM, only on Thursday"
"27 4 * * *","At 04:27 AM"
"27 7 * * *","At 07:27 AM"
"27,57 * * * *","At 27 and 57 minutes past the hour"
"28 * * * *","At 28 minutes past the hour"
"28 11 * * *","At 11:28 AM"
"28 2 * * 0-1","At 02:28 AM, Sunday through Monday"
"28 2,3 * * 4","At 02:28 AM and 03:28 AM, only on Thursday"
"28 4 * * *","At 04:28 AM"
"28 5 * * *","At 05:28 AM"
"28,58 * * * *","At 28 and 58 minutes past the hour"
"29 * * * *","At 29 minutes past the hour"
"29 * * * 0-1,5-6","At 29 minutes past the hour, only on Sunday through Monday and Friday  through Saturday"
"29 3 * * 1-5","At 03:29 AM, Monday through Friday"
"29 4 * * *","At 04:29 AM"
"29,59 * * * *","At 29 and 59 minutes past the hour"
"30 * * * *","At 30 minutes past the hour"
"30 */2 * * *","At 30 minutes past the hour, every 2 hours"
"30 */4 * * *","At 30 minutes past the hour, every 4 hours"
"30 0 * * *","At 12:30 AM"
"30 0,4,8,12,16,20 * * *","At 12:30 AM, 04:30 AM, 08:30 AM, 12:30 PM, 04:30 PM and 08:30  PM"
"30 0-23 * * *","At 30 minutes past the hour, between 12:00 AM and 11:59 PM"
"30 0-6,8-23 * * 1-7","At 30 minutes past the hour, at 12:00 AM through 06:59 AM and 08:00 AM  through 11:59 PM, Monday through Sunday"
"30 1 * * *","At 01:30 AM"
"30 10 * * *","At 10:30 AM"
"30 11 * * *","At 11:30 AM"
"30 12 * * *","At 12:30 PM"
"30 13 * * *","At 01:30 PM"
"30 14 * * *","At 02:30 PM"
"30 15 * * *","At 03:30 PM"
"30 16 * * *","At 04:30 PM"
"30 17 * * *","At 05:30 PM"
"30 18 * * *","At 06:30 PM"
"30 19 * * *","At 07:30 PM"
"30 19 * * 1-5","At 07:30 PM, Monday through Friday"
"30 2 * * *","At 02:30 AM"
"30 2 * * 1","At 02:30 AM, only on Monday"
"30 20 * * *","At 08:30 PM"
"30 21 * * *","At 09:30 PM"
"30 22 * * *","At 10:30 PM"
"30 23 * * *","At 11:30 PM"
"30 3 * * *","At 03:30 AM"
"30 4 * * *","At 04:30 AM"
"30 5 * * *","At 05:30 AM"
"30 5 * * 1-5","At 05:30 AM, Monday through Friday"
"30 6 * * *","At 06:30 AM"
"30 7 * * *","At 07:30 AM"
"30 7 * * 0","At 07:30 AM, only on Sunday"
"30 8 * * *","At 08:30 AM"
"30 8 * * 1-5","At 08:30 AM, Monday through Friday"
"30 9 * * *","At 09:30 AM"
"30 9,11,13,15 * * 1-5","At 09:30 AM, 11:30 AM, 01:30 PM and 03:30 PM, Monday through Friday"
"31 * * * *","At 31 minutes past the hour"
"31 0,2 * * 4","At 12:31 AM and 02:31 AM, only on Thursday"
"31 1,3 * * *","At 01:31 AM and 03:31 AM"
"31 22 * * *","At 10:31 PM"
"32 * * * *","At 32 minutes past the hour"
"32 0,2 * * *","At 12:32 AM and 02:32 AM"
"32 0-23/2 * * *","At 32 minutes past the hour, every 2 hours, between 12:00 AM and 11:59 PM"
"32 6 * * 1-5","At 06:32 AM, Monday through Friday"
"33 * * * *","At 33 minutes past the hour"
"33 0 * * *","At 12:33 AM"
"33 1 * * *","At 01:33 AM"
"33 11 * * *","At 11:33 AM"
"33 3 * * *","At 03:33 AM"
"33 3,4 * * 4","At 03:33 AM and 04:33 AM, only on Thursday"
"33 3,7,11,15,19,23 * * *","At 03:33 AM, 07:33 AM, 11:33 AM, 03:33 PM, 07:33 PM and 11:33 PM"
"33 7 * * 0","At 07:33 AM, only on Sunday"
"33 9 * * *","At 09:33 AM"
"34 * * * *","At 34 minutes past the hour"
"35 * * * *","At 35 minutes past the hour"
"35 */1 * * *","At 35 minutes past the hour"
"35 1 * * *","At 01:35 AM"
"35 18 * * *","At 06:35 PM"
"35 2 * * 1","At 02:35 AM, only on Monday"
"35 21 * * 1-5","At 09:35 PM, Monday through Friday"
"35 3 * * *","At 03:35 AM"
"35 3,4 * * 4","At 03:35 AM and 04:35 AM, only on Thursday"
"35 4 * * *","At 04:35 AM"
"35 5 * * *","At 05:35 AM"
"35 5 * * 2-6","At 05:35 AM, Tuesday through Saturday"
"36 * * * *","At 36 minutes past the hour"
"36 */3 * * *","At 36 minutes past the hour, every 3 hours"
"37 * * * *","At 37 minutes past the hour"
"37 02 * * *","At 02:37 AM"
"37 6 * * 1-5","At 06:37 AM, Monday through Friday"
"37 6 * * 3","At 06:37 AM, only on Wednesday"
"37,52 15-16 * * *","At 37 and 52 minutes past the hour, between 03:00 PM and 04:59 PM"
"38 * * * *","At 38 minutes past the hour"
"38 0,2 * * 4","At 12:38 AM and 02:38 AM, only on Thursday"
"38 0,4,8,12,14,16,20 * * *","At 12:38 AM, 04:38 AM, 08:38 AM, 12:38 PM, 02:38 PM, 04:38 PM and 08:38  PM"
"38 1 * * 0-1","At 01:38 AM, Sunday through Monday"
"38 2 * * 0-1","At 02:38 AM, Sunday through Monday"
"38 3 * * 0-1","At 03:38 AM, Sunday through Monday"
"38 4 * * 0-1","At 04:38 AM, Sunday through Monday"
"38 5 * * 0-1","At 05:38 AM, Sunday through Monday"
"38 6 * * 0-1","At 06:38 AM, Sunday through Monday"
"38 7 * * 0-1","At 07:38 AM, Sunday through Monday"
"39 * * * *","At 39 minutes past the hour"
"39 5 * * *","At 05:39 AM"
"39 6-23 * * 1-6","At 39 minutes past the hour, between 06:00 AM and 11:59 PM, Monday  through Saturday"
"40 * * * *","At 40 minutes past the hour"
"40 0 * * *","At 12:40 AM"
"40 1 * * *","At 01:40 AM"
"40 10 * * *","At 10:40 AM"
"40 11 * * *","At 11:40 AM"
"40 12 * * *","At 12:40 PM"
"40 13 * * *","At 01:40 PM"
"40 14 * * *","At 02:40 PM"
"40 15 * * *","At 03:40 PM"
"40 16 * * *","At 04:40 PM"
"40 17 * * *","At 05:40 PM"
"40 18 * * *","At 06:40 PM"
"40 19 * * *","At 07:40 PM"
"40 2 * * *","At 02:40 AM"
"40 2 * * 1","At 02:40 AM, only on Monday"
"40 20 * * *","At 08:40 PM"
"40 21 * * *","At 09:40 PM"
"40 22 * * *","At 10:40 PM"
"40 23 * * *","At 11:40 PM"
"40 3 * * *","At 03:40 AM"
"40 4 * * *","At 04:40 AM"
"40 5 * * *","At 05:40 AM"
"40 6 * * *","At 06:40 AM"
"40 7 * * *","At 07:40 AM"
"40 8 * * *","At 08:40 AM"
"40 9 * * *","At 09:40 AM"
"41 * * * *","At 41 minutes past the hour"
"41 0 * * *","At 12:41 AM"
"41 0,3 * * *","At 12:41 AM and 03:41 AM"
"41 2,6,10,14,18,22 * * *","At 02:41 AM, 06:41 AM, 10:41 AM, 02:41 PM, 06:41 PM and 10:41 PM"
"41 23 * * *","At 11:41 PM"
"42 * * * *","At 42 minutes past the hour"
"42 7 * * *","At 07:42 AM"
"43 * * * *","At 43 minutes past the hour"
"43 0 * * *","At 12:43 AM"
"43 1 * * *","At 01:43 AM"
"43 1,2 * * *","At 01:43 AM and 02:43 AM"
"43 23 * * *","At 11:43 PM"
"43 5 * * *","At 05:43 AM"
"44 * * * *","At 44 minutes past the hour"
"44 4 * * *","At 04:44 AM"
"45 * * * *","At 45 minutes past the hour"
"45 0 * * *","At 12:45 AM"
"45 1 * * *","At 01:45 AM"
"45 11 * * *","At 11:45 AM"
"45 2 * * *","At 02:45 AM"
"45 21 * * 1-5","At 09:45 PM, Monday through Friday"
"45 23 * * *","At 11:45 PM"
"45 23 * * 1-5","At 11:45 PM, Monday through Friday"
"45 23 * * 5","At 11:45 PM, only on Friday"
"45 3 * * *","At 03:45 AM"
"45 4 * * *","At 04:45 AM"
"45 5 * * *","At 05:45 AM"
"45 6 * * *","At 06:45 AM"
"46 * * * *","At 46 minutes past the hour"
"46 0 * * *","At 12:46 AM"
"46 19 * * 1-5","At 07:46 PM, Monday through Friday"
"46 23 * * *","At 11:46 PM"
"47 * * * *","At 47 minutes past the hour"
"47 */2 * * *","At 47 minutes past the hour, every 2 hours"
"47 3 * * 1","At 03:47 AM, only on Monday"
"47 5 * * 1-5","At 05:47 AM, Monday through Friday"
"48 * * * *","At 48 minutes past the hour"
"48 */4 * * *","At 48 minutes past the hour, every 4 hours"
"48 0 * * *","At 12:48 AM"
"48 23 * * *","At 11:48 PM"
"48 6 * * *","At 06:48 AM"
"48 6 * * 1","At 06:48 AM, only on Monday"
"49 * * * *","At 49 minutes past the hour"
"49 0 * * *","At 12:49 AM"
"50 * * * *","At 50 minutes past the hour"
"50 0 * * *","At 12:50 AM"
"50 1 * * *","At 01:50 AM"
"50 1 * * 1","At 01:50 AM, only on Monday"
"50 1 * * 2-5","At 01:50 AM, Tuesday through Friday"
"50 10 * * *","At 10:50 AM"
"50 11 * * *","At 11:50 AM"
"50 12 * * *","At 12:50 PM"
"50 13 * * *","At 01:50 PM"
"50 14 * * *","At 02:50 PM"
"50 15 * * *","At 03:50 PM"
"50 16 * * *","At 04:50 PM"
"50 17 * * *","At 05:50 PM"
"50 18 * * *","At 06:50 PM"
"50 19 * * *","At 07:50 PM"
"50 2 * * *","At 02:50 AM"
"50 20 * * *","At 08:50 PM"
"50 21 * * *","At 09:50 PM"
"50 21 * * 1-5","At 09:50 PM, Monday through Friday"
"50 22 * * *","At 10:50 PM"
"50 23 * * *","At 11:50 PM"
"50 3 * * *","At 03:50 AM"
"50 4 * * *","At 04:50 AM"
"50 5 * * *","At 05:50 AM"
"50 5 * * 1-5","At 05:50 AM, Monday through Friday"
"50 6 * * *","At 06:50 AM"
"50 7 * * *","At 07:50 AM"
"50 8 * * *","At 08:50 AM"
"50 9 * * *","At 09:50 AM"
"51 * * * *","At 51 minutes past the hour"
"51 6 * * *","At 06:51 AM"
"52 * * * *","At 52 minutes past the hour"
"52 23 * * *","At 11:52 PM"
"52 5 * * *","At 05:52 AM"
"53 * * * *","At 53 minutes past the hour"
"53 2 * * *","At 02:53 AM"
"53 2,3 * * 4","At 02:53 AM and 03:53 AM, only on Thursday"
"53 2,6,10,14,18,22 * * *","At 02:53 AM, 06:53 AM, 10:53 AM, 02:53 PM, 06:53 PM and 10:53 PM"
"53 22 * * *","At 10:53 PM"
"53 3 * * *","At 03:53 AM"
"53 4,10,16,22 * * *","At 04:53 AM, 10:53 AM, 04:53 PM and 10:53 PM"
"54 * * * *","At 54 minutes past the hour"
"54 1,5,9,13,17,21 * * *","At 01:54 AM, 05:54 AM, 09:54 AM, 01:54 PM, 05:54 PM and 09:54 PM"
"55 * * * *","At 55 minutes past the hour"
"55 0 * * *","At 12:55 AM"
"55 0,12 * * *","At 12:55 AM and 12:55 PM"
"55 0,6,12,18 * * *","At 12:55 AM, 06:55 AM, 12:55 PM and 06:55 PM"
"55 6,18 * * *","At 06:55 AM and 06:55 PM"
"55 8 * * *","At 08:55 AM"
"56 1,2 * * *","At 01:56 AM and 02:56 AM"
"56 1,5,9,13,17,21 * * *","At 01:56 AM, 05:56 AM, 09:56 AM, 01:56 PM, 05:56 PM and 09:56 PM"
"56 5 * * *","At 05:56 AM"
"57 * * * 1-5","At 57 minutes past the hour, Monday through Friday"
"57 10 * * *","At 10:57 AM"
"57 2 * * *","At 02:57 AM"
"57 2,6,10,14,18,22 * * *","At 02:57 AM, 06:57 AM, 10:57 AM, 02:57 PM, 06:57 PM and 10:57 PM"
"57 3 * * *","At 03:57 AM"
"57 6 * * *","At 06:57 AM"
"57 6 * * 1-5","At 06:57 AM, Monday through Friday"
"57 6 * * 2","At 06:57 AM, only on Tuesday"
"57 7,8,9,10,11,12,13,14,15,16,17,18,19,20  * * *","At 07:57 AM, 08:57 AM, 09:57 AM, 10:57 AM, 11:57 AM, 12:57 PM, 01:57 PM,  02:57 PM, 03:57 PM, 04:57 PM, 05:57 PM, 06:57 PM, 07:57 PM and 08:57 PM"
"58 1,3 * * 4","At 01:58 AM and 03:58 AM, only on Thursday"
"58-59/60 * * * *","Every 60 minutes, minutes 58 through 59 past the hour"
"59 * * * *","At 59 minutes past the hour"
"59 11 * * *","At 11:59 AM"
"59 23 * * *","At 11:59 PM"
